hero_id	talent_id	skill_name	combo_graph	combo_mapping_id	combo_mapping_name	status	mapping_status	listed_in_hero_talent	related_hero_id	launch_config	deprecated
1000001	3470000	庇护	hero_onmyoji_ns_1_combo_graph	3130700	hero_onmyoji_ns_1_combo_player	FOUND	FOUND	true	1000001	true	false
1000001	3470001	庇护·增援	hero_onmyoji_ns_2_combo_graph	3130701	hero_onmyoji_ns_2_combo_player	FOUND	FOUND	true	1000001	true	false
1000001	3470002	庇护·守护	hero_onmyoji_ns_3_combo_graph	3130702	hero_onmyoji_ns_3_combo_player	FOUND	FOUND	true	1000001	true	false
1000001	3470003	净天地	hero_onmyoji_us_1_combo_graph	3130703	hero_onmyoji_us_1_combo_player	FOUND	FOUND	true	1000001	true	false
1000001	3470004	净天地·固甲	hero_onmyoji_us_2_combo_graph	3130704	hero_onmyoji_us_2_combo_player	FOUND	FOUND	true	1000001	true	false
1000001	3470005	净天地·急疗	hero_onmyoji_us_3_combo_graph	3130705	hero_onmyoji_us_3_combo_player	FOUND	FOUND	true	1000001	true	false
1000001	3472000	庇护·征神	hero_onmyoji_ns_pve_1_combo_graph	3130706	hero_onmyoji_ns_pve_1_combo_player	FOUND	FOUND	false	1000001	true	false
1000001	3472001	净天地·征神	hero_onmyoji_us_pve_1_combo_graph	3130707	hero_onmyoji_us_pve_1_combo_player	FOUND	FOUND	false	1000001	true	false
1000001	3472002	净天地·征神	hero_onmyoji_us_pve_2_combo_graph	3130708	hero_onmyoji_us_pve_2_combo_player	FOUND	FOUND	false	1000001	true	false
1000001	3472003	庇护·征神	hero_onmyoji_ns_pve_2_combo_graph	3131681	hero_onmyoji_ns_pve_2_combo_player	FOUND	FOUND	false	1000001	true	false
1000001	3474050	庇护	hero_onmyoji_ns_pvpve_1_combo_graph	3131757	hero_onmyoji_ns_pvpve_1_combo_player	FOUND	FOUND	false	1000001	true	false
1000003	3470006	血蛇胆	hero_blindswordswoman_ns_1_combo_graph	3130709	hero_blindswordswoman_ns_1_combo_player	FOUND	FOUND	false	1000003	true	false
1000003	3470007	血蛇胆·陷阱	hero_blindswordswoman_ns_2_combo_graph	3130710	hero_blindswordswoman_ns_2_combo_player	FOUND	FOUND	false	1000003	true	false
1000003	3470008	血蛇胆·毒雾	hero_blindswordswoman_ns_3_combo_graph	3130711	hero_blindswordswoman_ns_3_combo_player	FOUND	FOUND	false	1000003	true	false
1000003	3470009	赤练无明	hero_blindswordswoman_us_1_combo_graph	3130712	hero_blindswordswoman_us_1_combo_player	FOUND	FOUND	true	1000003	true	false
1000003	3470010	赤练无明·封印	hero_blindswordswoman_us_2_combo_graph	3130713	hero_blindswordswoman_us_2_combo_player	FOUND	FOUND	true	1000003	true	false
1000003	3470011	赤练无明·无拘	hero_blindswordswoman_us_3_combo_graph	3130714	hero_blindswordswoman_us_3_combo_player	FOUND	FOUND	true	1000003	true	false
1000003	3470040	昆仑诀	hero_blindswordswoman_ns_5_combo_graph	3130716	hero_blindswordswoman_ns_5_combo_player	FOUND	FOUND	true	1000003	true	false
1000003	3470041	昆仑诀·封	hero_blindswordswoman_ns_6_combo_graph	3130715	hero_blindswordswoman_ns_6_combo_player	FOUND	FOUND	true	1000003	true	false
1000003	3470042	昆仑诀·禁疗	hero_blindswordswoman_ns_4_combo_graph	3130717	hero_blindswordswoman_ns_4_combo_player	FOUND	FOUND	true	1000003	true	false
1000003	3470044	赤练无明·无拘	hero_blindswordswoman_us_soul_2_combo_graph	3135303	hero_blindswordswoman_us_soul_2_combo_player	FOUND	FOUND	false	1000003	true	false
1000003	3472030	昆仑诀·征神	hero_blindswordswoman_ns_pve_1_combo_graph	3130718	hero_blindswordswoman_ns_pve_1_combo_player	FOUND	FOUND	false	1000003	true	false
1000003	3472031	赤练无明·征神	hero_blindswordswoman_us_pve_1_combo_graph	3130719	hero_blindswordswoman_us_pve_1_combo_player	FOUND	FOUND	false	1000003	true	false
1000003	3472032	赤练无明·征神	hero_blindswordswoman_us_pve_2_combo_graph	3130720	hero_blindswordswoman_us_pve_2_combo_player	FOUND	FOUND	false	1000003	true	false
1000003	3473000	昆仑诀·斗球	hero_blindswordswoman_ns_tanqiu_1_combo_graph	3130930	hero_blindswordswoman_ns_tanqiu_1_combo_player	FOUND	FOUND	false	1000003	true	false
1000003	3474000	【占坑】【搜打撤储备，暂时弃用】昆仑诀·搜撤	hero_blindswordswoman_ns_pvpve_1_combo_graph	3131682	hero_blindswordswoman_ns_pvpve_1_combo_player	FOUND	FOUND	false	1000003	true	false
1000003	3474001	【占坑】【搜打撤储备，暂时弃用】赤练无明·搜撤	hero_blindswordswoman_us_pvpve_1_combo_graph	3131683	hero_blindswordswoman_us_pvpve_1_combo_player	FOUND	FOUND	false	1000003	true	false
1000003	3474002	赤练无明·无拘	hero_blindswordswoman_us_pvpve_2_combo_graph	3131768	hero_blindswordswoman_us_pvpve_2_combo_player	FOUND	FOUND	false	1000003	true	false
1000004	3470012	追魂	hero_desertassassin_ns_2_combo_graph	3130722	hero_desertassassin_ns_2_combo_player	FOUND	FOUND	true	1000004	true	false
1000004	3470013	追魂·突刺	hero_desertassassin_ns_4_combo_graph	3130969	hero_desertassassin_ns_4_combo_player	FOUND	FOUND	true	1000004	true	false
1000004	3470014	追魂·闪回	hero_desertassassin_ns_3_combo_graph	3130723	hero_desertassassin_ns_3_combo_player	FOUND	FOUND	true	1000004	false	false
1000004	3470015	寂静暗刑	hero_desertassassin_us_3_combo_graph	3130726	hero_desertassassin_us_3_combo_player	FOUND	FOUND	true	1000004	true	false
1000004	3470016	寂静暗刑·夺命	hero_desertassassin_us_4_combo_graph	3130971	hero_desertassassin_us_4_combo_player	FOUND	FOUND	true	1000004	true	false
1000004	3470017	寂静暗刑·壁技	hero_desertassassin_us_1_combo_graph	3130724	hero_desertassassin_us_1_combo_player	FOUND	FOUND	true	1000004	false	false
1000004	3470220	【占坑】追魂	hero_desertassassin_ns_1_combo_graph	3130721	hero_desertassassin_ns_1_combo_player	FOUND	FOUND	false	1000004	true	false
1000004	3470222	【占坑】寂静暗刑·壁技	hero_desertassassin_us_2_combo_graph	3130725	hero_desertassassin_us_2_combo_player	FOUND	FOUND	false	1000004	true	false
1000004	3472020	追魂·征神	hero_desertassassin_ns_pve_1_combo_graph	3130727	hero_desertassassin_ns_pve_1_combo_player	FOUND	FOUND	false	1000004	true	false
1000004	3472021	寂静暗刑·征神	hero_desertassassin_us_pve_1_combo_graph	3130728	hero_desertassassin_us_pve_1_combo_player	FOUND	FOUND	false	1000004	true	false
1000004	3472022	寂静暗刑·征神	hero_desertassassin_us_pve_2_combo_graph	3130729	hero_desertassassin_us_pve_2_combo_player	FOUND	FOUND	false	1000004	true	false
1000004	3474020	【占坑】【搜打撤储备，暂时弃用】追魂·搜撤	hero_desertassassin_ns_pvpve_1_combo_graph	3131686	hero_desertassassin_ns_pvpve_1_combo_player	FOUND	FOUND	false	1000004	true	false
1000004	3474021	【占坑】【搜打撤储备，暂时弃用】寂静暗刑·搜撤	hero_desertassassin_us_pvpve_1_combo_graph	3131687	hero_desertassassin_us_pvpve_1_combo_player	FOUND	FOUND	false	1000004	true	false
1000005	3470018	风之精灵	hero_wolfman_ns_1_combo_graph	3130730	hero_wolfman_ns_1_combo_player	FOUND	FOUND	true	1000005	true	false
1000005	3470019	风之精灵·追踪	hero_wolfman_ns_2_combo_graph	3130731	hero_wolfman_ns_2_combo_player	FOUND	FOUND	true	1000005	true	false
1000005	3470020	风之精灵·强袭	hero_wolfman_ns_3_combo_graph	3130732	hero_wolfman_ns_3_combo_player	FOUND	FOUND	true	1000005	true	false
1000005	3470021	风之牢笼	hero_wolfman_us_1_combo_graph	3130733	hero_wolfman_us_1_combo_player	FOUND	FOUND	true	1000005	true	false
1000005	3470022	风之牢笼·加持	hero_wolfman_us_2_combo_graph	3130734	hero_wolfman_us_2_combo_player	FOUND	FOUND	true	1000005	true	false
1000005	3470023	风之牢笼·召唤	hero_wolfman_us_3_combo_graph	3130735	hero_wolfman_us_3_combo_player	FOUND	FOUND	true	1000005	true	false
1000005	3472060	风之精灵·征神	hero_wolfman_ns_pve_1_combo_graph	3130736	hero_wolfman_ns_pve_1_combo_player	FOUND	FOUND	false	1000005	true	false
1000005	3472061	风之牢笼·征神	hero_wolfman_us_pve_1_combo_graph	3130737	hero_wolfman_us_pve_1_combo_player	FOUND	FOUND	false	1000005	true	false
1000005	3472062	风之牢笼·征神	hero_wolfman_us_pve_2_combo_graph	3130738	hero_wolfman_us_pve_2_combo_player	FOUND	FOUND	false	1000005	true	false
1000006	3470024	燎原劲	hero_spiritsman_ns_4_combo_graph	3131662	hero_spiritsman_ns_4_combo_player	FOUND	FOUND	true	1000006	true	false
1000006	3470025	燎原劲·化劲	hero_spiritsman_ns_2_combo_graph	3130740	hero_spiritsman_ns_2_combo_player	FOUND	FOUND	true	1000006	false	false
1000006	3470026	燎原劲·巨焰	hero_spiritsman_ns_3_combo_graph	3130741	hero_spiritsman_ns_3_combo_player	FOUND	FOUND	true	1000006	true	false
1000006	3470027	迅烈如火	hero_spiritsman_us_4_combo_graph	3131665	hero_spiritsman_us_4_combo_player	FOUND	FOUND	true	1000006	true	false
1000006	3470028	迅烈如火·炎神	hero_spiritsman_us_1_combo_graph	3130742	hero_spiritsman_us_1_combo_player	FOUND	FOUND	true	1000006	false	false
1000006	3470029	迅烈如火·狂战	hero_spiritsman_us_5_combo_graph	3131673	hero_spiritsman_us_5_combo_player	FOUND	FOUND	true	1000006	true	false
1000006	3470260	燎原劲	hero_spiritsman_ns_1_combo_graph	3130739	hero_spiritsman_ns_1_combo_player	FOUND	FOUND	false	1000006	true	false
1000006	3470261	迅烈如火·炎神	hero_spiritsman_us_2_combo_graph	3130743	hero_spiritsman_us_2_combo_player	FOUND	FOUND	false	1000006	true	false
1000006	3470262	迅烈如火·狂战	hero_spiritsman_us_3_combo_graph	3130744	hero_spiritsman_us_3_combo_player	FOUND	FOUND	false	1000006	true	false
1000006	3472040	燎原劲·征神	hero_spiritsman_ns_pve_1_combo_graph	3130745	hero_spiritsman_ns_pve_1_combo_player	FOUND	FOUND	false	1000006	true	false
1000006	3472041	迅烈如火·征神	hero_spiritsman_us_pve_1_combo_graph	3130746	hero_spiritsman_us_pve_1_combo_player	FOUND	FOUND	false	1000006	true	false
1000006	3472042	迅烈如火·征神	hero_spiritsman_us_pve_2_combo_graph	3130747	hero_spiritsman_us_pve_2_combo_player	FOUND	FOUND	false	1000006	true	false
1000006	3472043	燎原劲·征神	hero_spiritsman_ns_pve_2_combo_graph	3131680	hero_spiritsman_ns_pve_2_combo_player	FOUND	FOUND	false	1000006	true	false
1000007	3470030	金钟罩	hero_monk_ns_1_combo_graph	3130748	hero_monk_ns_1_combo_player	FOUND	FOUND	true	1000007	true	false
1000007	3470031	金钟罩·振刀	hero_monk_ns_2_combo_graph	3130749	hero_monk_ns_2_combo_player	FOUND	FOUND	true	1000007	true	false
1000007	3470032	金钟罩·爆气	hero_monk_ns_3_combo_graph	3130750	hero_monk_ns_3_combo_player	FOUND	FOUND	true	1000007	false	false
1000007	3470033	金刚伏魔	hero_monk_us_1_combo_graph	3130751	hero_monk_us_1_combo_player	FOUND	FOUND	true	1000007	true	false
1000007	3470034	金刚伏魔·援护	hero_monk_us_2_combo_graph	3130752	hero_monk_us_2_combo_player	FOUND	FOUND	true	1000007	false	false
1000007	3470035	金刚伏魔·治愈	hero_monk_us_3_combo_graph	3130753	hero_monk_us_3_combo_player	FOUND	FOUND	true	1000007	true	false
1000007	3472010	金钟罩·征神	hero_monk_ns_pve_1_combo_graph	3130754	hero_monk_ns_pve_1_combo_player	FOUND	FOUND	false	1000007	true	false
1000007	3472011	金刚伏魔·征神	hero_monk_us_pve_1_combo_graph	3130755	hero_monk_us_pve_1_combo_player	FOUND	FOUND	false	1000007	true	false
1000007	3472013	金刚伏魔·征神	hero_monk_us_pve_2_combo_graph	3130756	hero_monk_us_pve_2_combo_player	FOUND	FOUND	false	1000007	true	false
1000007	3473010	金钟罩·斗球	hero_monk_ns_tanqiu_1_combo_graph	3130939	hero_monk_ns_tanqiu_1_combo_player	FOUND	FOUND	false	1000007	true	false
1000008	3470036	伏魔之怒	hero_foxiang_1_combo_graph	3130758	hero_foxiang_1_combo_player	FOUND	FOUND	true	1000008	true	false
1000008	3470037	伏魔之怒	hero_foxiang_2_combo_graph	3130759	hero_foxiang_2_combo_player	FOUND	FOUND	true	1000008	false	false
1000008	3470038	伏魔之怒·治愈	hero_foxiang_3_combo_graph	3130760	hero_foxiang_3_combo_player	FOUND	FOUND	true	1000008	true	false
1000008	3470039	真我		0	null	FOUND	NO_OVERRIDE	true	1000008	true	false
1000008	3472012	伏魔之怒·征神	hero_foxiang_pve_1_combo_graph	3130761	hero_foxiang_pve_1_combo_player	FOUND	FOUND	false	1000008	true	false
1000008	3472014	伏魔之怒·征神	hero_foxiang_pve_2_combo_graph	3130762	hero_foxiang_pve_2_combo_player	FOUND	FOUND	false	1000008	true	false
1000009	3470050	妖刀斩	hero_yaodaoji_ns_1_combo_graph	3130763	hero_yaodaoji_ns_1_combo_player	FOUND	FOUND	true	1000009	true	false
1000009	3470051	妖刀斩·回	hero_yaodaoji_ns_2_combo_graph	3130764	hero_yaodaoji_ns_2_combo_player	FOUND	FOUND	true	1000009	true	false
1000009	3470052	妖刀斩·旋	hero_yaodaoji_ns_3_combo_graph	3130765	hero_yaodaoji_ns_3_combo_player	FOUND	FOUND	true	1000009	true	false
1000009	3470053	不祥之刃	hero_yaodaoji_us_4_combo_graph	3131690	hero_yaodaoji_us_4_combo_player	FOUND	FOUND	true	1000009	true	false
1000009	3470054	不祥之刃·回复	hero_yaodaoji_us_2_combo_graph	3130767	hero_yaodaoji_us_2_combo_player	FOUND	FOUND	true	1000009	true	false
1000009	3470055	不祥之刃·连斩	hero_yaodaoji_us_3_combo_graph	3130768	hero_yaodaoji_us_3_combo_player	FOUND	FOUND	true	1000009	true	false
1000009	3470056	不祥之刃	hero_yaodaoji_us_1_combo_graph	3130766	hero_yaodaoji_us_1_combo_player	FOUND	FOUND	false	1000009	true	false
1000009	3470057	妖刀斩·旋	hero_yaodaoji_ns_4_combo_graph	3138653	hero_yaodaoji_ns_4_combo_player	FOUND	FOUND	false	1000009	true	false
1000009	3472200	妖刀斩·征神	hero_yaodaoji_ns_pve_1_combo_graph	3135266	hero_yaodaoji_ns_pve_1_combo_player	FOUND	FOUND	false	1000009	true	false
1000009	3472201	【占坑】	hero_yaodaoji_ns_pve_2_combo_graph	3135267	hero_yaodaoji_ns_pve_2_combo_player	FOUND	FOUND	false	1000009	true	false
1000009	3472202	妖刀斩·征神	hero_yaodaoji_ns_pve_3_combo_graph	3138793	hero_yaodaoji_ns_pve_3_combo_player	FOUND	FOUND	false	1000009	true	false
1000009	3472210	不祥之刃·征神	hero_yaodaoji_us_pve_1_combo_graph	3135268	hero_yaodaoji_us_pve_1_combo_player	FOUND	FOUND	false	1000009	true	false
1000009	3472211	【占坑】	hero_yaodaoji_us_pve_2_combo_graph	3135269	hero_yaodaoji_us_pve_2_combo_player	FOUND	FOUND	false	1000009	true	false
1000009	3474031	【占坑】【搜打撤储备，暂时弃用】妖刀斩·搜撤	hero_yaodaoji_ns_pvpve_1_combo_graph	3138625	hero_yaodaoji_ns_pvpve_1_combo_player	FOUND	FOUND	false	1000009	true	false
1000009	3474032	【占坑】【搜打撤储备，暂时弃用】不祥之刃·搜撤	hero_yaodaoji_us_pvpve_1_combo_graph	3138626	hero_yaodaoji_us_pvpve_1_combo_player	FOUND	FOUND	false	1000009	true	false
1000010	3470060	织雾	hero_cuisanniang_ns_1_combo_graph	3130769	hero_cuisanniang_ns_1_combo_player	FOUND	FOUND	true	1000010	true	false
1000010	3470061	织雾·阵		0	null	FOUND	NO_OVERRIDE	false	1000010	true	true
1000010	3470062	织雾·瞬		0	null	FOUND	NO_OVERRIDE	false	1000010	true	true
1000010	3470063	深渊梦魇	hero_cuisanniang_us_1_combo_graph	3130770	hero_cuisanniang_us_1_combo_player	FOUND	FOUND	true	1000010	true	false
1000010	3470064	深渊梦魇·击		0	null	FOUND	NO_OVERRIDE	false	1000010	true	true
1000010	3470065	深渊梦魇·缚		0	null	FOUND	NO_OVERRIDE	false	1000010	true	true
1000010	3470066	织雾·阵	hero_cuisanniang_ns_2_combo_graph	3130771	hero_cuisanniang_ns_2_combo_player	FOUND	FOUND	true	1000010	true	false
1000010	3470067	织雾·瞬	hero_cuisanniang_ns_3_combo_graph	3130772	hero_cuisanniang_ns_3_combo_player	FOUND	FOUND	true	1000010	true	false
1000010	3470068	深渊梦魇·击	hero_cuisanniang_us_4_combo_graph	3130775	hero_cuisanniang_us_4_combo_player	FOUND	FOUND	true	1000010	true	false
1000010	3470069	深渊梦魇·缚	hero_cuisanniang_us_3_combo_graph	3130774	hero_cuisanniang_us_3_combo_player	FOUND	FOUND	true	1000010	true	false
1000010	3470150	深渊梦魇·击	hero_cuisanniang_us_2_combo_graph	3130773	hero_cuisanniang_us_2_combo_player	FOUND	FOUND	false	1000010	true	false
1000010	3470151	【占坑】	hero_cuisanniang_ns_4_combo_graph	3130776	hero_cuisanniang_ns_4_combo_player	FOUND	FOUND	false	1000010	true	false
1000010	3472050	织雾·征神	hero_cuisanniang_ns_pve_1_combo_graph	3130777	hero_cuisanniang_ns_pve_1_combo_player	FOUND	FOUND	false	1000010	true	false
1000010	3472051	深渊梦魇·征神	hero_cuisanniang_us_pve_1_combo_graph	3130778	hero_cuisanniang_us_pve_1_combo_player	FOUND	FOUND	false	1000010	true	false
1000010	3472052	深渊梦魇·征神	hero_cuisanniang_us_pve_2_combo_graph	3130779	hero_cuisanniang_us_pve_2_combo_player	FOUND	FOUND	false	1000010	true	false
1000010	3472053	织雾·征神	hero_cuisanniang_ns_pve_2_combo_graph	3131704	hero_cuisanniang_ns_pve_2_combo_player	FOUND	FOUND	false	1000010	true	false
1000011	3470070	陷阵	hero_yueshan_ns_1_combo_graph	3130780	hero_yueshan_ns_1_combo_player	FOUND	FOUND	true	1000011	true	false
1000011	3470071	陷阵·冲锋	hero_yueshan_ns_2_combo_graph	3130781	hero_yueshan_ns_2_combo_player	FOUND	FOUND	true	1000011	true	false
1000011	3470072	陷阵·猛志	hero_yueshan_ns_3_combo_graph	3130782	hero_yueshan_ns_3_combo_player	FOUND	FOUND	true	1000011	true	false
1000011	3470073	千军辟易	hero_yueshan_us_1_combo_graph	3130783	hero_yueshan_us_1_combo_player	FOUND	FOUND	true	1000011	true	false
1000011	3470074	千军辟易·挥戈	hero_yueshan_us_2_combo_graph	3130784	hero_yueshan_us_2_combo_player	FOUND	FOUND	true	1000011	true	false
1000011	3470075	千军辟易·固阵	hero_yueshan_us_3_combo_graph	3130785	hero_yueshan_us_3_combo_player	FOUND	FOUND	true	1000011	true	false
1000011	3472070	陷阵·征神	hero_yueshan_ns_pve_1_combo_graph	3130786	hero_yueshan_ns_pve_1_combo_player	FOUND	FOUND	false	1000011	true	false
1000011	3472071	千军辟易·征神	hero_yueshan_us_pve_1_combo_graph	3130787	hero_yueshan_us_pve_1_combo_player	FOUND	FOUND	false	1000011	true	false
1000011	3472072	千军辟易·征神	hero_yueshan_us_pve_2_combo_graph	3130788	hero_yueshan_us_pve_2_combo_player	FOUND	FOUND	false	1000011	true	false
1000012	3470076	破千军	hero_shenjiang_1_combo_graph	3130790	hero_shenjiang_1_combo_player	FOUND	FOUND	true	1000012	true	false
1000012	3470077	破千军·挥戈	hero_shenjiang_2_combo_graph	3130791	hero_shenjiang_2_combo_player	FOUND	FOUND	true	1000012	true	false
1000012	3470078	破千军·固阵	hero_shenjiang_3_combo_graph	3130792	hero_shenjiang_3_combo_player	FOUND	FOUND	true	1000012	true	false
1000012	3470079	本我		0	null	FOUND	NO_OVERRIDE	true	1000012	true	false
1000012	3472076	破千军·征神	hero_shenjiang_pve_1_combo_graph	3130793	hero_shenjiang_pve_1_combo_player	FOUND	FOUND	false	1000012	true	false
1000012	3472077	破千军·征神	hero_shenjiang_pve_2_combo_graph	3130794	hero_shenjiang_pve_2_combo_player	FOUND	FOUND	false	1000012	true	false
1000013	3470080	两仪剑	hero_wuchen_ns_3_combo_graph	3130797	hero_wuchen_ns_3_combo_player	FOUND	FOUND	true	1000013	true	false
1000013	3470081	两仪剑·御剑	hero_wuchen_ns_2_combo_graph	3130796	hero_wuchen_ns_2_combo_player	FOUND	FOUND	true	1000013	false	false
1000013	3470082	两仪剑·易位	hero_wuchen_ns_4_combo_graph	3130997	hero_wuchen_ns_4_combo_player	FOUND	FOUND	true	1000013	true	false
1000013	3470083	斗转星移	hero_wuchen_us_1_combo_graph	3130798	hero_wuchen_us_1_combo_player	FOUND	FOUND	true	1000013	true	false
1000013	3470084	斗转星移·剑雨	hero_wuchen_us_4_combo_graph	3130905	hero_wuchen_us_4_combo_player	FOUND	FOUND	true	1000013	true	false
1000013	3470085	斗转星移·玄门	hero_wuchen_us_3_combo_graph	3130800	hero_wuchen_us_3_combo_player	FOUND	FOUND	true	1000013	false	false
1000013	3470086	两仪剑·真刃	hero_wuchen_ns_1_combo_graph	3130795	hero_wuchen_ns_1_combo_player	FOUND	FOUND	false	1000013	true	false
1000013	3470087	斗转星移·易位	hero_wuchen_us_2_combo_graph	3130799	hero_wuchen_us_2_combo_player	FOUND	FOUND	false	1000013	true	false
1000013	3472100	两仪剑·征神	hero_wuchen_ns_pve_1_combo_graph	3130927	hero_wuchen_ns_pve_1_combo_player	FOUND	FOUND	false	1000013	true	false
1000013	3472101	斗转星移·征神	hero_wuchen_us_pve_1_combo_graph	3130928	hero_wuchen_us_pve_1_combo_player	FOUND	FOUND	false	1000013	true	false
1000013	3472102	斗转星移·征神	hero_wuchen_us_pve_2_combo_graph	3130929	hero_wuchen_us_pve_2_combo_player	FOUND	FOUND	false	1000013	true	false
1000014	3470090	隐匿	hero_zombie_ns_1_combo_graph	3130801	hero_zombie_ns_1_combo_player	FOUND	FOUND	true	1000014	true	false
1000014	3470091	钩斧	hero_zombie_ns_2_combo_graph	3130802	hero_zombie_ns_2_combo_player	FOUND	FOUND	true	1000014	true	false
1000014	3470092	暗视	hero_zombie_ns_3_combo_graph	3130803	hero_zombie_ns_3_combo_player	FOUND	FOUND	true	1000014	true	false
1000014	3470093	瘴气藤	hero_zombie_us_4_combo_graph	3130807	hero_zombie_us_4_combo_player	FOUND	FOUND	true	1000014	true	false
1000014	3470094	化身英雄	hero_zombie_us_2_combo_graph	3130805	hero_zombie_us_2_combo_player	FOUND	FOUND	false	1000014	true	false
1000014	3470095	化身藤鬼	hero_zombie_us_3_combo_graph	3130806	hero_zombie_us_3_combo_player	FOUND	FOUND	false	1000014	true	false
1000014	3470096	瘴气藤	hero_zombie_us_4_combo_graph	3130807	hero_zombie_us_4_combo_player	FOUND	FOUND	false	1000014	true	false
1000014	3470097	狂暴	hero_zombie_us_5_combo_graph	3130808	hero_zombie_us_5_combo_player	FOUND	FOUND	false	1000014	true	false
1000015	3470100	冰心诀	hero_guqinghan_ns_1_combo_graph	3130809	hero_guqinghan_ns_1_combo_player	FOUND	FOUND	true	1000015	true	false
1000015	3470101	冰心诀·瞬息	hero_guqinghan_ns_2_combo_graph	3130810	hero_guqinghan_ns_2_combo_player	FOUND	FOUND	true	1000015	true	false
1000015	3470102	冰心诀·寒潮	hero_guqinghan_ns_3_combo_graph	3130811	hero_guqinghan_ns_3_combo_player	FOUND	FOUND	true	1000015	true	false
1000015	3470103	冰寒飞影	hero_guqinghan_us_1_combo_graph	3130812	hero_guqinghan_us_1_combo_player	FOUND	FOUND	true	1000015	true	false
1000015	3470104	冰寒飞影·雪暴	hero_guqinghan_us_2_combo_graph	3130813	hero_guqinghan_us_2_combo_player	FOUND	FOUND	true	1000015	true	false
1000015	3470105	冰寒飞影·霜风	hero_guqinghan_us_3_combo_graph	3130814	hero_guqinghan_us_3_combo_player	FOUND	FOUND	true	1000015	true	false
1000015	3470106	飞影剑	hero_guqinghan_ns_4_combo_graph	3130815	hero_guqinghan_ns_4_combo_player	FOUND	FOUND	false	1000015	true	false
1000015	3470107	飞影剑·雪暴	hero_guqinghan_ns_5_combo_graph	3130816	hero_guqinghan_ns_5_combo_player	FOUND	FOUND	false	1000015	true	false
1000015	3472230	飞影剑·征神	hero_guqinghan_ns_pve_1_combo_graph	3131678	hero_guqinghan_ns_pve_1_combo_player	FOUND	FOUND	false	1000015	true	false
1000015	3472231	霜风·征神	hero_guqinghan_us_pve_1_combo_graph	3131679	hero_guqinghan_us_pve_1_combo_player	FOUND	FOUND	false	1000015	true	false
1000015	3472283	冰寒飞影·征神	hero_guqinghan_us_pve_fabao_1_combo_graph	3139589	hero_guqinghan_us_pve_fabao_1_combo_player	FOUND	FOUND	false	1000015	true	false
1000015	3472284	飞影剑·霜风·征神	hero_guqinghan_ns_pve_fabao_1_combo_graph	3131678	hero_guqinghan_ns_pve_1_combo_player	FOUND	FOUND	false	1000015	true	false
1000015	3472285	飞影剑·霜风·征神	hero_guqinghan_ns_pve_fabao_1_awake_combo_graph	3131678	hero_guqinghan_ns_pve_1_combo_player	FOUND	FOUND	false	1000015	true	false
1000015	3472286	冰寒飞影·征神	hero_guqinghan_us_pve_fabao_1_combo_graph	3139589	hero_guqinghan_us_pve_fabao_1_combo_player	FOUND	FOUND	false	1000015	true	false
1000016	3470110	白刃取	hero_takeda_ns_1_combo_graph	3130817	hero_takeda_ns_1_combo_player	FOUND	FOUND	true	1000016	true	false
1000016	3470111	白刃取·夺	hero_takeda_ns_2_combo_graph	3130818	hero_takeda_ns_2_combo_player	FOUND	FOUND	true	1000016	true	false
1000016	3470112	白刃取·摔	hero_takeda_ns_3_combo_graph	3130819	hero_takeda_ns_3_combo_player	FOUND	FOUND	true	1000016	true	false
1000016	3470113	封印解除	hero_takeda_us_1_combo_graph	3130820	hero_takeda_us_1_combo_player	FOUND	FOUND	true	1000016	true	false
1000016	3470114	封印解除·瞬	hero_takeda_us_2_combo_graph	3130821	hero_takeda_us_2_combo_player	FOUND	FOUND	true	1000016	true	false
1000016	3470115	封印解除·噬	hero_takeda_us_3_combo_graph	3130822	hero_takeda_us_3_combo_player	FOUND	FOUND	true	1000016	true	false
1000016	3470116	妖袭		0	null	FOUND	NO_OVERRIDE	false	1000016	true	false
1000016	3470117	妖袭·狂		0	null	FOUND	NO_OVERRIDE	false	1000016	true	false
1000016	3470118	妖袭·狂		0	null	FOUND	NO_OVERRIDE	false	1000016	true	false
1000016	3470119	妖袭·狂		0	null	FOUND	NO_OVERRIDE	false	1000016	true	false
1000017	3470120	益气安魂	hero_yinziping_ns_1_combo_graph	3130823	hero_yinziping_ns_1_combo_player	FOUND	FOUND	true	1000017	true	false
1000017	3470121	益气安魂·滋养	hero_yinziping_ns_2_combo_graph	3130824	hero_yinziping_ns_2_combo_player	FOUND	FOUND	true	1000017	true	false
1000017	3470122	益气安魂·扶弱	hero_yinziping_ns_3_combo_graph	3130825	hero_yinziping_ns_3_combo_player	FOUND	FOUND	true	1000017	true	false
1000017	3470123	悬瓠济世	hero_yinziping_us_1_combo_graph	3130826	hero_yinziping_us_1_combo_player	FOUND	FOUND	true	1000017	true	false
1000017	3470124	悬瓠济世·培元	hero_yinziping_us_2_combo_graph	3130827	hero_yinziping_us_2_combo_player	FOUND	FOUND	true	1000017	true	false
1000017	3470125	悬瓠济世·固本	hero_yinziping_us_3_combo_graph	3130828	hero_yinziping_us_3_combo_player	FOUND	FOUND	true	1000017	true	false
1000017	3472220	益气安魂·征神	hero_yinziping_ns_pve_1_combo_graph	3133205	hero_yinziping_ns_pve_1_combo_player	FOUND	FOUND	false	1000017	true	false
1000017	3472221	悬瓠济世·征神	hero_yinziping_us_pve_1_combo_graph	3133206	hero_yinziping_us_pve_1_combo_player	FOUND	FOUND	false	1000017	true	false
1000017	3474010	【占坑】【搜打撤储备，暂时弃用】益气安魂·搜撤	hero_yinziping_ns_pvpve_1_combo_graph	3131684	hero_yinziping_ns_pvpve_1_combo_player	FOUND	FOUND	false	1000017	true	false
1000017	3474011	【占坑】【搜打撤储备，暂时弃用】悬瓠济世·搜撤	hero_yinziping_us_pvpve_1_combo_graph	3131685	hero_yinziping_us_pvpve_1_combo_player	FOUND	FOUND	false	1000017	true	false
1000018	3470130	铳武	hero_shenmiao_ns_1_combo_graph	3130829	hero_shenmiao_ns_1_combo_player	FOUND	FOUND	true	1000018	true	false
1000018	3470131	铳武·突进	hero_shenmiao_ns_2_combo_graph	3130830	hero_shenmiao_ns_2_combo_player	FOUND	FOUND	true	1000018	true	false
1000018	3470132	铳武·精准	hero_shenmiao_ns_3_combo_graph	3130831	hero_shenmiao_ns_3_combo_player	FOUND	FOUND	true	1000018	true	false
1000018	3470133	铁卫召来	hero_shenmiao_us_1_combo_graph	3130832	hero_shenmiao_us_1_combo_player	FOUND	FOUND	true	1000018	true	false
1000018	3470134	铁卫召来·甲型	hero_shenmiao_us_2_combo_graph	3130833	hero_shenmiao_us_2_combo_player	FOUND	FOUND	true	1000018	true	false
1000018	3470135	铁卫召来·乙型	hero_shenmiao_us_3_combo_graph	3130834	hero_shenmiao_us_3_combo_player	FOUND	FOUND	true	1000018	true	false
1000018	3472080	铳武·征神	hero_shenmiao_ns_pve_1_combo_graph	3130835	hero_shenmiao_ns_pve_1_combo_player	FOUND	FOUND	false	1000018	true	false
1000018	3472081	铁卫召来·征神	hero_shenmiao_us_pve_1_combo_graph	3130836	hero_shenmiao_us_pve_1_combo_player	FOUND	FOUND	false	1000018	true	false
1000018	3472082	铁卫召来·征神	hero_shenmiao_us_pve_2_combo_graph	3130837	hero_shenmiao_us_pve_2_combo_player	FOUND	FOUND	false	1000018	true	false
1000018	3472085	铳武·征神	hero_shenmiao_ns_pve_2_combo_graph	3131659	hero_shenmiao_ns_pve_2_combo_player	FOUND	FOUND	false	1000018	true	false
1000018	3473020	铳武·斗球	hero_shenmiao_ns_tanqiu_1_combo_graph	3130993	hero_shenmiao_ns_tanqiu_1_combo_player	FOUND	FOUND	false	1000018	true	false
1000019	3470136	升空	hero_mech_1_combo_graph	3130839	hero_mech_1_combo_player	FOUND	FOUND	true	1000019	true	false
1000019	3470137	过载	hero_mech_2_combo_graph	3130840	hero_mech_2_combo_player	FOUND	FOUND	true	1000019	true	false
1000019	3470138	升空	hero_mech_3_combo_graph	3130841	hero_mech_3_combo_player	FOUND	FOUND	true	1000019	true	false
1000019	3470139	铁卫召回		0	null	FOUND	NO_OVERRIDE	true	1000019	true	false
1000019	3472083	过载·征神	hero_mech_pve_1_combo_graph	3130842	hero_mech_pve_1_combo_player	FOUND	FOUND	false	1000019	true	false
1000019	3472084	过载·征神	hero_mech_pve_2_combo_graph	3130843	hero_mech_pve_2_combo_player	FOUND	FOUND	false	1000019	true	false
1000020	3470140	镇山林	hero_huwei_ns_1_combo_graph	3130844	hero_huwei_ns_1_combo_player	FOUND	FOUND	true	1000020	true	false
1000020	3470141	镇山林·虎啸	hero_huwei_ns_2_combo_graph	3130845	hero_huwei_ns_2_combo_player	FOUND	FOUND	true	1000020	true	false
1000020	3470142	镇山林·威吓	hero_huwei_ns_3_combo_graph	3130846	hero_huwei_ns_3_combo_player	FOUND	FOUND	true	1000020	false	false
1000020	3470143	虎威	hero_huwei_us_2_combo_graph	3130848	hero_huwei_us_2_combo_player	FOUND	FOUND	true	1000020	true	false
1000020	3470144	虎威·恶虎扑食	hero_huwei_us_1_combo_graph	3130847	hero_huwei_us_1_combo_player	FOUND	FOUND	true	1000020	false	false
1000020	3470145	虎威·困兽犹斗	hero_huwei_us_3_combo_graph	3130849	hero_huwei_us_3_combo_player	FOUND	FOUND	true	1000020	true	false
1000020	3470146	飞扑	hero_huwei_ns_4_combo_graph	3130850	hero_huwei_ns_4_combo_player	FOUND	FOUND	false	1000020	true	false
1000020	3472250	镇山林·征神	hero_huwei_ns_pve_2_combo_graph	3133278	hero_huwei_ns_pve_2_combo_player	FOUND	FOUND	false	1000020	true	false
1000020	3472251	虎威·征神	hero_huwei_us_pve_1_combo_graph	3133279	hero_huwei_us_pve_1_combo_player	FOUND	FOUND	false	1000020	true	false
1000020	3472287	虎威·困兽犹斗·征神	hero_huwei_us_pve_fabao_1_combo_graph	3139609	hero_huwei_us_pve_fabao_1_combo_player	FOUND	FOUND	false	1000020	true	false
1000020	3472288	飞扑·征神	hero_huwei_ns_pve_fabao_1_combo_graph	3130850	hero_huwei_ns_4_combo_player	FOUND	FOUND	false	1000020	true	false
1000021	3470160	幽冥火	hero_jiyingying_ns_1_combo_graph	3130851	hero_jiyingying_ns_1_combo_player	FOUND	FOUND	true	1000021	true	false
1000021	3470161	幽冥火·焰锁	hero_jiyingying_ns_2_combo_graph	3130852	hero_jiyingying_ns_2_combo_player	FOUND	FOUND	true	1000021	false	false
1000021	3470162	幽冥火·突焰	hero_jiyingying_ns_3_combo_graph	3130853	hero_jiyingying_ns_3_combo_player	FOUND	FOUND	true	1000021	true	false
1000021	3470163	无常锁	hero_jiyingying_us_1_combo_graph	3130854	hero_jiyingying_us_1_combo_player	FOUND	FOUND	true	1000021	true	false
1000021	3470164	无常锁·拘	hero_jiyingying_us_2_combo_graph	3130855	hero_jiyingying_us_2_combo_player	FOUND	FOUND	true	1000021	true	false
1000021	3470165	无常锁·魄	hero_jiyingying_us_3_combo_graph	3130856	hero_jiyingying_us_3_combo_player	FOUND	FOUND	true	1000021	false	false
1000021	3470166	【占坑】	hero_jiyingying_ns_4_combo_graph	0	null	FOUND	NO_OVERRIDE	false	1000021	false	false
1000021	3470167	【占坑】	hero_jiyingying_ns_5_combo_graph	0	null	FOUND	NO_OVERRIDE	false	1000021	false	false
1000021	3472260	幽冥火·征神	hero_jiyingying_ns_pve_1_combo_graph	3133291	hero_jiyingying_ns_pve_1_combo_player	FOUND	FOUND	false	1000021	true	false
1000021	3472261	无常锁·征神	hero_jiyingying_us_pve_1_combo_graph	3133292	hero_jiyingying_us_pve_1_combo_player	FOUND	FOUND	false	1000021	true	false
1000021	3472262	幽冥火·征神	hero_jiyingying_ns_pve_fabao_1_combo_graph	3133355	hero_jiyingying_ns_pve_fabao_1_combo_player	FOUND	FOUND	false	1000021	true	false
1000022	3470170	尾袭	hero_yulinglong_ns_1_combo_graph	3130857	hero_yulinglong_ns_1_combo_player	FOUND	FOUND	true	1000022	true	false
1000022	3470171	尾袭·阵	hero_yulinglong_ns_2_combo_graph	3130858	hero_yulinglong_ns_2_combo_player	FOUND	FOUND	true	1000022	true	false
1000022	3470172	尾袭·赋	hero_yulinglong_ns_3_combo_graph	3130859	hero_yulinglong_ns_3_combo_player	FOUND	FOUND	true	1000022	false	false
1000022	3470173	迷魂引	hero_yulinglong_us_1_combo_graph	3130860	hero_yulinglong_us_1_combo_player	FOUND	FOUND	true	1000022	true	false
1000022	3470174	迷魂引·祭	hero_yulinglong_us_2_combo_graph	3130861	hero_yulinglong_us_2_combo_player	FOUND	FOUND	true	1000022	false	false
1000022	3470175	迷魂引·聚	hero_yulinglong_us_3_combo_graph	3130862	hero_yulinglong_us_3_combo_player	FOUND	FOUND	true	1000022	true	false
1000022	3472090	尾袭·征神	hero_yulinglong_ns_pve_1_combo_graph	3130906	hero_yulinglong_ns_pve_1_combo_player	FOUND	FOUND	false	1000022	true	false
1000022	3472091	迷魂引·征神	hero_yulinglong_us_pve_1_combo_graph	3130916	hero_yulinglong_us_pve_1_combo_player	FOUND	FOUND	false	1000022	true	false
1000022	3472092	迷魂引·征神	hero_yulinglong_us_pve_2_combo_graph	3130917	hero_yulinglong_us_pve_2_combo_player	FOUND	FOUND	false	1000022	true	false
1000023	3470180	夺天工	hero_hadi_ns_1_combo_graph	3130863	hero_hadi_ns_1_combo_player	FOUND	FOUND	true	1000023	true	false
1000023	3470181	夺天工·弹射	hero_hadi_ns_2_combo_graph	3130864	hero_hadi_ns_2_combo_player	FOUND	FOUND	true	1000023	true	false
1000023	3470182	夺天工·追爆	hero_hadi_ns_3_combo_graph	3130865	hero_hadi_ns_3_combo_player	FOUND	FOUND	true	1000023	false	false
1000023	3470183	击长空	hero_hadi_us_1_combo_graph	3130866	hero_hadi_us_1_combo_player	FOUND	FOUND	true	1000023	true	false
1000023	3470184	击长空·炽热	hero_hadi_us_2_combo_graph	3130867	hero_hadi_us_2_combo_player	FOUND	FOUND	true	1000023	true	false
1000023	3470185	击长空·救援	hero_hadi_us_3_combo_graph	3130868	hero_hadi_us_3_combo_player	FOUND	FOUND	true	1000023	false	false
1000023	3470186	开关飞行	hero_hadi_ns_4_combo_graph	3130869	hero_hadi_ns_4_combo_player	FOUND	FOUND	false	1000023	true	false
1000023	3470187	开关飞行	hero_hadi_ns_5_combo_graph	3130876	hero_hadi_ns_5_combo_player	FOUND	FOUND	false	1000023	true	false
1000023	3470188	开关飞行	hero_hadi_ns_6_combo_graph	3130877	hero_hadi_ns_6_combo_player	FOUND	FOUND	false	1000023	true	false
1000024	3470190	执金令	hero_weiqing_ns_1_combo_graph	3130881	hero_weiqing_ns_1_combo_player	FOUND	FOUND	true	1000024	true	false
1000024	3470191	执金令·追捕	hero_weiqing_ns_2_combo_graph	3130882	hero_weiqing_ns_2_combo_player	FOUND	FOUND	true	1000024	true	false
1000024	3470192	未开放	hero_weiqing_ns_3_combo_graph	3130883	hero_weiqing_ns_3_combo_player	FOUND	FOUND	true	1000024	false	false
1000024	3470193	玄武正法	hero_weiqing_us_1_combo_graph	3130884	hero_weiqing_us_1_combo_player	FOUND	FOUND	true	1000024	true	false
1000024	3470194	玄武正法·归案	hero_weiqing_us_2_combo_graph	3130885	hero_weiqing_us_2_combo_player	FOUND	FOUND	true	1000024	true	false
1000024	3470195	未开放	hero_weiqing_us_3_combo_graph	3130886	hero_weiqing_us_3_combo_player	FOUND	FOUND	true	1000024	false	false
1000024	3470196	执金令·追捕	hero_weiqing_ns_4_combo_graph	3131675	hero_weiqing_ns_4_combo_player	FOUND	FOUND	false	1000024	true	false
1000024	3472270	执金令·征神	hero_weiqing_ns_pve_1_combo_graph	3133320	hero_weiqing_ns_pve_1_combo_player	FOUND	FOUND	false	1000024	true	false
1000024	3472271	玄武正法·征神	hero_weiqing_us_pve_1_combo_graph	3133321	hero_weiqing_us_pve_1_combo_player	FOUND	FOUND	false	1000024	true	false
1000024	3474040	【占坑】【搜打撤储备，暂时弃用】执金令·搜撤	hero_weiqing_ns_pvpve_1_combo_graph	3131699	hero_weiqing_ns_pvpve_1_combo_player	FOUND	FOUND	false	1000024	true	false
1000024	3474041	玄武正法	hero_weiqing_us_pvpve_1_combo_graph	3131700	hero_weiqing_us_pvpve_1_combo_player	FOUND	FOUND	false	1000024	true	false
1000025	3470200	驭金闪	hero_liulian_ns_1_combo_graph	3130907	hero_liulian_ns_1_combo_player	FOUND	FOUND	true	1000025	true	false
1000025	3470201	驭金闪·化磁	hero_liulian_ns_3_combo_graph	3130909	hero_liulian_ns_3_combo_player	FOUND	FOUND	true	1000025	true	false
1000025	3470202	【占坑】1025	hero_liulian_ns_2_combo_graph	3130908	hero_liulian_ns_2_combo_player	FOUND	FOUND	true	1000025	false	false
1000025	3470203	金石铄	hero_liulian_us_2_combo_graph	3130911	hero_liulian_us_2_combo_player	FOUND	FOUND	true	1000025	true	false
1000025	3470204	金石铄·核	hero_liulian_us_3_combo_graph	3130912	hero_liulian_us_3_combo_player	FOUND	FOUND	true	1000025	true	false
1000025	3470205	【占坑】1025	hero_liulian_us_1_combo_graph	3130910	hero_liulian_us_1_combo_player	FOUND	FOUND	true	1000025	false	false
1000025	3470206	【占坑】1025	hero_liulian_ns_4_combo_graph	3130913	hero_liulian_ns_4_combo_player	FOUND	FOUND	false	1000025	true	false
1000025	3470207	流金剑	hero_liulian_ns_5_combo_graph	3130914	hero_liulian_ns_5_combo_player	FOUND	FOUND	false	1000025	true	false
1000025	3470208	流金核	hero_liulian_ns_6_combo_graph	3130915	hero_liulian_ns_6_combo_player	FOUND	FOUND	false	1000025	true	false
1000025	3470209	流金剑	hero_liulian_ns_7_combo_graph	3131784	hero_liulian_ns_7_combo_player	FOUND	FOUND	false	1000025	true	false
1000026	3470210	发丘指	hero_zhangqiling_ns_1_combo_graph	3130931	hero_zhangqiling_ns_1_combo_player	FOUND	FOUND	true	1000026	true	false
1000026	3470211	发丘指·锁喉	hero_zhangqiling_ns_2_combo_graph	3130932	hero_zhangqiling_ns_2_combo_player	FOUND	FOUND	true	1000026	true	false
1000026	3470212	【占坑】0710	hero_huwei_ns_3_combo_graph	3130846	hero_huwei_ns_3_combo_player	FOUND	FOUND	true	1000026	true	false
1000026	3470213	麒麟怒	hero_zhangqiling_us_1_combo_graph	3130933	hero_zhangqiling_us_1_combo_player	FOUND	FOUND	true	1000026	true	false
1000026	3470214	麒麟怒·绝斩	hero_zhangqiling_us_2_combo_graph	3130934	hero_zhangqiling_us_2_combo_player	FOUND	FOUND	true	1000026	true	false
1000026	3470215	【占坑】0710	hero_huwei_us_3_combo_graph	3130849	hero_huwei_us_3_combo_player	FOUND	FOUND	true	1000026	true	false
1000026	3472240	发丘指·征神	hero_zhangqiling_ns_pve_1_combo_graph	3131701	hero_zhangqiling_ns_pve_1_combo_player	FOUND	FOUND	false	1000026	true	false
1000026	3472241	麒麟怒·征神	hero_zhangqiling_us_pve_1_combo_graph	3131702	hero_zhangqiling_us_pve_1_combo_player	FOUND	FOUND	false	1000026	true	false
1000027	3470230	光晕	hero_fuwenshi_ns_1_combo_graph	3130973	hero_fuwenshi_ns_1_combo_player	FOUND	FOUND	true	1000027	true	false
1000027	3470231	光晕·瞬附	hero_fuwenshi_ns_2_combo_graph	3130974	hero_fuwenshi_ns_2_combo_player	FOUND	FOUND	true	1000027	true	false
1000027	3470232	恩威之光	hero_fuwenshi_us_2_combo_graph	3130976	hero_fuwenshi_us_2_combo_player	FOUND	FOUND	true	1000027	true	false
1000027	3470233	恩威之光·阵	hero_fuwenshi_us_1_combo_graph	3130975	hero_fuwenshi_us_1_combo_player	FOUND	FOUND	true	1000027	true	false
1000027	3470234	眩目光球	hero_fuwenshi_ns_3_combo_graph	3139163	hero_fuwenshi_ns_3_combo_player	FOUND	FOUND	false	1000027	true	false
1000027	3470235	恩威之光·圣辉	hero_fuwenshi_us_3_combo_graph	3139259	hero_fuwenshi_us_3_combo_player	FOUND	FOUND	false	1000027	true	false
1000027	3470236	圣辉光束	hero_fuwenshi_ns_4_combo_graph	3139260	hero_fuwenshi_ns_4_combo_player	FOUND	FOUND	false	1000027	true	false
1000028	3470250	大变活人	hero_caixishi_ns_1_combo_graph	3131652	hero_caixishi_ns_1_combo_player	FOUND	FOUND	true	1000028	true	false
1000028	3470251	大变活人·袭	hero_caixishi_ns_2_combo_graph	3131653	hero_caixishi_ns_2_combo_player	FOUND	FOUND	true	1000028	true	false
1000028	3470252	【占坑】S15hero	hero_caixishi_ns_3_combo_graph	3131654	hero_caixishi_ns_3_combo_player	FOUND	FOUND	false	1000028	true	true
1000028	3470253	鱼龙彩戏	hero_caixishi_us_1_combo_graph	3131655	hero_caixishi_us_1_combo_player	FOUND	FOUND	true	1000028	true	false
1000028	3470254	鱼龙彩戏·跃	hero_caixishi_us_2_combo_graph	3131656	hero_caixishi_us_2_combo_player	FOUND	FOUND	true	1000028	true	false
1000028	3470255	鱼龙彩戏·跃	hero_caixishi_ns_3_combo_graph	3131654	hero_caixishi_ns_3_combo_player	FOUND	FOUND	false	1000028	true	false
1000029	3470270	掣电闪	hero_wanjun_ns_1_combo_graph	3131666	hero_wanjun_ns_1_combo_player	FOUND	FOUND	true	1000029	true	false
1000029	3470271	掣电闪·雷契	hero_wanjun_ns_2_combo_graph	3131667	hero_wanjun_ns_2_combo_player	FOUND	FOUND	true	1000029	true	false
1000029	3470272	万雷铸身	hero_wanjun_us_1_combo_graph	3131668	hero_wanjun_us_1_combo_player	FOUND	FOUND	true	1000029	true	false
1000029	3470273	万雷铸身·锋	hero_wanjun_us_2_combo_graph	3131669	hero_wanjun_us_2_combo_player	FOUND	FOUND	true	1000029	true	false
1000029	3472280	掣电闪·征神	hero_wanjun_ns_pve_1_combo_graph	3133348	hero_wanjun_ns_pve_1_combo_player	FOUND	FOUND	false	1000029	true	false
1000029	3472281	万雷铸身·征神	hero_wanjun_us_pve_1_combo_graph	3133349	hero_wanjun_us_pve_1_combo_player	FOUND	FOUND	false	1000029	true	false
1000030	3470274	万雷枪	hero_realbody_1_combo_graph	3131671	hero_realbody_1_combo_player	FOUND	FOUND	true	1000030	true	false
1000030	3470275	万雷枪·锋	hero_realbody_2_combo_graph	3131672	hero_realbody_2_combo_player	FOUND	FOUND	true	1000030	true	false
1000030	3470276	本我		0	null	FOUND	NO_OVERRIDE	true	1000030	true	false
1000030	3472282	万雷枪·征神	hero_realbody_pve_1_combo_graph	3133350	hero_realbody_pve_1_combo_player	FOUND	FOUND	false	1000030	true	false
1000031	3470280	探花步	hero_lixunhuan_ns_1_combo_graph	3131706	hero_lixunhuan_ns_1_combo_player	FOUND	FOUND	true	1000031	true	false
1000031	3470281	探花步·反击	hero_lixunhuan_ns_2_combo_graph	3131707	hero_lixunhuan_ns_2_combo_player	FOUND	FOUND	true	1000031	true	false
1000031	3470283	片叶不沾	hero_lixunhuan_us_1_combo_graph	3131708	hero_lixunhuan_us_1_combo_player	FOUND	FOUND	true	1000031	true	false
1000031	3470284	片叶不沾·挥洒	hero_lixunhuan_us_2_combo_graph	3131709	hero_lixunhuan_us_2_combo_player	FOUND	FOUND	true	1000031	true	false
1000032	3470290	灵羽	hero_wuzhen_ns_1_combo_graph	3138868	hero_wuzhen_ns_1_combo_player	FOUND	FOUND	true	1000032	true	false
1000032	3470291	灵羽·召	hero_wuzhen_ns_2_combo_graph	3138869	hero_wuzhen_ns_2_combo_player	FOUND	FOUND	true	1000032	true	false
1000032	3470292	神弓镇祟	hero_wuzhen_us_1_combo_graph	3138871	hero_wuzhen_us_1_combo_player	FOUND	FOUND	true	1000032	true	false
1000032	3470293	神弓镇祟·晦	hero_wuzhen_us_2_combo_graph	3138872	hero_wuzhen_us_2_combo_player	FOUND	FOUND	true	1000032	true	false
1000032	3470294	饮羽箭	hero_wuzhen_ns_3_combo_graph	3138910	hero_wuzhen_ns_3_combo_player	FOUND	FOUND	false	1000032	true	false
1000032	3470295	饮羽箭	hero_wuzhen_ns_4_combo_graph	3138911	hero_wuzhen_ns_4_combo_player	FOUND	FOUND	false	1000032	true	false
1000033	3470300	引星诀	hero_ganxuan_ns_2_combo_graph	3138952	hero_ganxuan_ns_2_combo_player	FOUND	FOUND	true	1000033	true	false
1000033	3470301	引星诀·愈	hero_ganxuan_ns_1_combo_graph	3138951	hero_ganxuan_ns_1_combo_player	FOUND	FOUND	true	1000033	true	false
1000033	3470302	天机衍	hero_ganxuan_us_1_combo_graph	3138953	hero_ganxuan_us_1_combo_player	FOUND	FOUND	true	1000033	true	false
1000033	3470303	天机衍·溯	hero_ganxuan_us_2_combo_graph	3138954	hero_ganxuan_us_2_combo_player	FOUND	FOUND	true	1000033	true	false
1000034	3470310	【占坑】【占坑】S23_Hero	hero_fuwenshi_ns_1_combo_graph	3130973	hero_fuwenshi_ns_1_combo_player	FOUND	FOUND	true	1000034	true	false
1000034	3470311	【占坑】【占坑】S23_Hero	hero_fuwenshi_ns_2_combo_graph	3130974	hero_fuwenshi_ns_2_combo_player	FOUND	FOUND	true	1000034	true	false
1000034	3470312	【占坑】【占坑】S23_Hero	hero_fuwenshi_us_2_combo_graph	3130976	hero_fuwenshi_us_2_combo_player	FOUND	FOUND	true	1000034	true	false
1000034	3470313	【占坑】【占坑】S23_Hero	hero_fuwenshi_us_1_combo_graph	3130975	hero_fuwenshi_us_1_combo_player	FOUND	FOUND	true	1000034	true	false
1000070	3470700	【占坑】【占坑】S21_02_Hero	hero_shenzhen_ns_1_combo_graph	3139414	hero_shenzhen_ns_1_combo_player	FOUND	FOUND	true	1000070	true	false
1000070	3470701	【占坑】【占坑】S21_02_Hero	hero_shenzhen_ns_2_combo_graph	3139415	hero_shenzhen_ns_2_combo_player	FOUND	FOUND	true	1000070	true	false
1000070	3470703	【占坑】【占坑】S21_02_Hero	hero_shenzhen_us_1_combo_graph	3139416	hero_shenzhen_us_1_combo_player	FOUND	FOUND	true	1000070	true	false
1000070	3470705	【占坑】【占坑】S21_02_Hero	hero_shenzhen_us_2_combo_graph	3139417	hero_shenzhen_us_2_combo_player	FOUND	FOUND	true	1000070	true	false
1000071	3470710	【占坑】【占坑】S23_02_Hero	hero_fuwenshi_ns_1_combo_graph	3130973	hero_fuwenshi_ns_1_combo_player	FOUND	FOUND	true	1000071	true	false
1000071	3470711	【占坑】【占坑】S23_02_Hero	hero_fuwenshi_ns_2_combo_graph	3130974	hero_fuwenshi_ns_2_combo_player	FOUND	FOUND	true	1000071	true	false
1000071	3470712	【占坑】【占坑】S23_02_Hero	hero_fuwenshi_us_2_combo_graph	3130976	hero_fuwenshi_us_2_combo_player	FOUND	FOUND	true	1000071	true	false
1000071	3470713	【占坑】【占坑】S23_02_Hero	hero_fuwenshi_us_1_combo_graph	3130975	hero_fuwenshi_us_1_combo_player	FOUND	FOUND	true	1000071	true	false
1000072	3470720	【占坑】【占坑】S22_Hero	hero_taotie_ns_1_combo_graph	3131826	hero_taotie_ns_1_combo_player	FOUND	FOUND	true	1000072	true	false
1000072	3470721	【占坑】【占坑】S22_Hero	hero_taotie_ns_2_combo_graph	3131827	hero_taotie_ns_2_combo_player	FOUND	FOUND	true	1000072	true	false
1000072	3470722	【占坑】【占坑】S22_Hero	hero_taotie_us_1_combo_graph	3131816	hero_taotie_us_1_combo_player	FOUND	FOUND	true	1000072	true	false
1000072	3470723	【占坑】【占坑】S22_Hero	hero_taotie_us_2_combo_graph	3131817	hero_taotie_us_2_combo_player	FOUND	FOUND	true	1000072	true	false
1000073	3470730	【占坑】【占坑】S21_Hero	hero_yexiu_ns_1_combo_graph	3139552	hero_yexiu_ns_1_combo_player	FOUND	FOUND	true	1000073	true	false
1000073	3470731	【占坑】【占坑】S21_Hero	hero_yexiu_ns_2_combo_graph	3139553	hero_yexiu_ns_2_combo_player	FOUND	FOUND	true	1000073	true	false
1000073	3470732	【占坑】【占坑】S21_Hero	hero_yexiu_us_1_combo_graph	3139554	hero_yexiu_us_1_combo_player	FOUND	FOUND	true	1000073	true	false
1000073	3470733	【占坑】【占坑】S21_Hero	hero_yexiu_us_2_combo_graph	3139555	hero_yexiu_us_2_combo_player	FOUND	FOUND	true	1000073	true	false
